<?xml version="1.0" encoding="UTF-8"?>
<!DOCTYPE mapper
  PUBLIC "-//mybatis.org//DTD Mapper 3.0//EN"
  "http://mybatis.org/dtd/mybatis-3-mapper.dtd">
<mapper namespace="mybatis.EventMapper">

	<select id="eventList" parameterType="java.util.Map" resultType="Edto">
		<![CDATA[
		select event_num, name, id, grade, event_image, event_subject, 
		event_start, event_end, event_content, 
		to_char(event_logtime, 'YYYY.MM.DD') as event_logtime from 
		(select rownum rn, tt.* from
		(select * from event order by event_num desc) tt) 
		where rn>=#{startNum} and rn<=#{endNum}
		]]>
	</select>
	
	<select id="getTotalA" resultType="int">
		select count(*) as cnt from event
	</select>
	
	<select id="eventView" parameterType="int" resultType="Edto">
		select * from event where event_num = #{event_num}
	</select>
	
	<insert id="eventWrite" parameterType="Edto">
		insert into event values
		(seq_event.nextval, #{name}, #{id}, #{grade}, #{event_image}, #{event_subject}, #{event_start}, #{event_end}, 
		#{event_content}, sysdate)
	</insert>
	
	<delete id="delete" parameterType="Edto">
		delete event where event_num = #{event_num}
	</delete>
	
	<update id="eventModify" parameterType="Edto">
		update event set 
		event_image = #{event_image}, event_subject = #{event_subject}, 
		event_start = #{event_start}, event_end = #{event_end}, 
		event_content = #{event_content}
		where event_num = #{event_num}
	</update>
</mapper>