<?xml version="1.0" encoding="UTF-8"?>
<!DOCTYPE mapper
  PUBLIC "-//mybatis.org//DTD Mapper 3.0//EN"
  "http://mybatis.org/dtd/mybatis-3-mapper.dtd">
<mapper namespace="mybatis.FaqMapper">

	<select id="faqListAndView" resultType="Fdto">
		select * from
		(select rownum rn, tt.* from
		(select * from faq order by faq_num asc) tt)
	</select>
	
	<select id="getTotalA" resultType="int">
		select count(*) as cnt from faq
	</select>
	
	<insert id="faqWrite" parameterType="Fdto">
		insert into faq values
		(seq_faq.nextval, #{name}, #{id}, #{grade}, #{faq_category}, #{faq_subject}, #{faq_content})
	</insert>
	
	<delete id="delete" parameterType="int">
		delete faq where faq_num = #{faq_num}
	</delete>
	
	<update id="faqModify" parameterType="Fdto">
		update faq set 
		faq_category = #{faq_category}, 
		faq_subject = #{faq_subject}, faq_content = #{faq_content}
		where faq_num = #{faq_num}
	</update>
	
	<select id="faqView" parameterType="int" resultType="Fdto">
		select * from faq where faq_num = #{faq_num}
	</select>
	
</mapper>