<?xml version="1.0" encoding="UTF-8"?>
<!DOCTYPE mapper
  PUBLIC "-//mybatis.org//DTD Mapper 3.0//EN"
  "http://mybatis.org/dtd/mybatis-3-mapper.dtd">
<mapper namespace="mybatis.MemberMapper">
	<insert id="join" parameterType="MemberDTO">
		insert into member values
		(#{name}, #{id}, #{pwd}, #{nickname}, #{email1}, #{email2}, #{tel},
		#{post}, #{addr1}, #{addr2}, 1, sysdate)
	</insert>
	
	<select id="login" parameterType="java.util.Map" resultType="MemberDTO">
		select * from member where id=#{id} and pwd=#{pwd}
	</select>
	
	<select id="isExistId" parameterType="String" resultType="boolean">
		select count(*) from member where id=#{id}
	</select>
	
	<select id="isExistNickname" parameterType="String" resultType="boolean">
		select count(*) from member where nickname=#{nickname}
	</select>
	
	<select id="checkPassword" parameterType="java.util.Map" resultType="boolean">
		select count(*) from member where id=#{id} and pwd=#{pwd}
	</select>
	
	<update id="resetPassword" parameterType="java.util.Map">
		update member set pwd=#{pwd} where id=#{id}
	</update>
	
	<select id="memberView" parameterType="String" resultType="MemberDTO">
		select * from member where id=#{id}
	</select>
	
	<update id="modify" parameterType="MemberDTO">
		update member set pwd=#{pwd}, nickname=#{nickname},
		email1=#{email1}, email2=#{email2}, tel=#{tel},
		post=#{post}, addr1=#{addr1}, addr2=#{addr2} where id=#{id}
	</update>
	
	<update id="adminModify" parameterType="MemberDTO">
		update member set grade=#{grade} where id=#{id}
	</update>
	
	<select id="getTotalMember" parameterType="int" resultType="int">
		select count(*) as cnt from member where grade=#{grade}
	</select>
	
	<select id="getTotalAllMember" resultType="int">
		select count(*) as cnt from member
	</select>
	
	<select id="selectList" parameterType="java.util.Map" resultType="MemberDTO">
		<![CDATA[
		select * from(select rownum rn, tt.* from 
		(select * from member where grade=#{grade} order by name asc) tt)
		where rn>=#{startNum} and rn<=#{endNum}
		]]>
	</select>
	
	<select id="selectAllList" parameterType="java.util.Map" resultType="MemberDTO">
		<![CDATA[
		select * from(select rownum rn, tt.* from 
		(select * from member order by name asc) tt)
		where rn>=#{startNum} and rn<=#{endNum}
		]]>
	</select>
	
	<delete id="delete" parameterType="String">
		delete member where id=#{id}
	</delete>
</mapper>
